Day	Selection	Metric	Construct	Rep1	Rep2	Rep3	Notes
D1	Pre-selection	Live cell (%)	Original				
D1	Pre-selection	Live cell (%)	TOP1				
D1	Pre-selection	Live cell (%)	TOP2				
D1	Pre-selection	Live cell (%)	TOP3				
D1	Pre-selection	Live cell (%)	TOP4				
D1	Pre-selection	Live cell (%)	TOP5				
D1	Pre-selection	Live cell (%)	TOP6				
D1	Pre-selection	Live cell (%)	TOP7				
D1	Pre-selection	Live cell (%)	TOP8				
D1	Pre-selection	Live cell (%)	TOP9				
D1	Pre-selection	Live cell (%)	TOP10				
D1	Pre-selection	Live cell (%)	TOP11				
D1	Pre-selection	Live cell (%)	TOP12				
D1	Pre-selection	Live cell (%)	TOP13				
D1	Pre-selection	Live cell (%)	TOP14				
D1	Pre-selection	Live cell (%)	TOP15				
D1	Pre-selection	Live cell (%)	TOP16				
D1	Pre-selection	Live cell (%)	TOP17				
D1	Pre-selection	Live cell (%)	TOP18				
D1	Pre-selection	Live cell (%)	TOP19				
D1	Pre-selection	Live cell (%)	TOP20				
D1	Pre-selection	Live cell (%)	TOP21				
D1	Pre-selection	Live cell (%)	TOP22				
D1	Pre-selection	Live cell (%)	TOP23				
D1	Pre-selection	Live cell (%)	TOP24				
D1	Pre-selection	Live cell (%)	TOP25				
D1	Pre-selection	Live cell (%)	TOP26				
D1	Pre-selection	Live cell (%)	TOP27				
D1	Pre-selection	Live cell (%)	TOP28				
D1	Pre-selection	Live cell (%)	TOP29				
D1	Pre-selection	Live cell (%)	TOP30				
D1	Pre-selection	Live cell (%)	TOP31				
D3	Pre-selection	Live cell (%)	Original				
D3	Pre-selection	Live cell (%)	TOP1				
D3	Pre-selection	Live cell (%)	TOP2				
D3	Pre-selection	Live cell (%)	TOP3				
D3	Pre-selection	Live cell (%)	TOP4				
D3	Pre-selection	Live cell (%)	TOP5				
D3	Pre-selection	Live cell (%)	TOP6				
D3	Pre-selection	Live cell (%)	TOP7				
D3	Pre-selection	Live cell (%)	TOP8				
D3	Pre-selection	Live cell (%)	TOP9				
D3	Pre-selection	Live cell (%)	TOP10				
D3	Pre-selection	Live cell (%)	TOP11				
D3	Pre-selection	Live cell (%)	TOP12				
D3	Pre-selection	Live cell (%)	TOP13				
D3	Pre-selection	Live cell (%)	TOP14				
D3	Pre-selection	Live cell (%)	TOP15				
D3	Pre-selection	Live cell (%)	TOP16				
D3	Pre-selection	Live cell (%)	TOP17				
D3	Pre-selection	Live cell (%)	TOP18				
D3	Pre-selection	Live cell (%)	TOP19				
D3	Pre-selection	Live cell (%)	TOP20				
D3	Pre-selection	Live cell (%)	TOP21				
D3	Pre-selection	Live cell (%)	TOP22				
D3	Pre-selection	Live cell (%)	TOP23				
D3	Pre-selection	Live cell (%)	TOP24				
D3	Pre-selection	Live cell (%)	TOP25				
D3	Pre-selection	Live cell (%)	TOP26				
D3	Pre-selection	Live cell (%)	TOP27				
D3	Pre-selection	Live cell (%)	TOP28				
D3	Pre-selection	Live cell (%)	TOP29				
D3	Pre-selection	Live cell (%)	TOP30				
D3	Pre-selection	Live cell (%)	TOP31				
D7	w/o Selection	Live cell (%)	Original				
D7	w/o Selection	Live cell (%)	TOP1				
D7	w/o Selection	Live cell (%)	TOP2				
D7	w/o Selection	Live cell (%)	TOP3				
D7	w/o Selection	Live cell (%)	TOP4				
D7	w/o Selection	Live cell (%)	TOP5				
D7	w/o Selection	Live cell (%)	TOP6				
D7	w/o Selection	Live cell (%)	TOP7				
D7	w/o Selection	Live cell (%)	TOP8				
D7	w/o Selection	Live cell (%)	TOP9				
D7	w/o Selection	Live cell (%)	TOP10				
D7	w/o Selection	Live cell (%)	TOP11				
D7	w/o Selection	Live cell (%)	TOP12				
D7	w/o Selection	Live cell (%)	TOP13				
D7	w/o Selection	Live cell (%)	TOP14				
D7	w/o Selection	Live cell (%)	TOP15				
D7	w/o Selection	Live cell (%)	TOP16				
D7	w/o Selection	Live cell (%)	TOP17				
D7	w/o Selection	Live cell (%)	TOP18				
D7	w/o Selection	Live cell (%)	TOP19				
D7	w/o Selection	Live cell (%)	TOP20				
D7	w/o Selection	Live cell (%)	TOP21				
D7	w/o Selection	Live cell (%)	TOP22				
D7	w/o Selection	Live cell (%)	TOP23				
D7	w/o Selection	Live cell (%)	TOP24				
D7	w/o Selection	Live cell (%)	TOP25				
D7	w/o Selection	Live cell (%)	TOP26				
D7	w/o Selection	Live cell (%)	TOP27				
D7	w/o Selection	Live cell (%)	TOP28				
D7	w/o Selection	Live cell (%)	TOP29				
D7	w/o Selection	Live cell (%)	TOP30				
D7	w/o Selection	Live cell (%)	TOP31				
D7	Selection	Live cell (%)	Original				
D7	Selection	Live cell (%)	TOP1				
D7	Selection	Live cell (%)	TOP2				
D7	Selection	Live cell (%)	TOP3				
D7	Selection	Live cell (%)	TOP4				
D7	Selection	Live cell (%)	TOP5				
D7	Selection	Live cell (%)	TOP6				
D7	Selection	Live cell (%)	TOP7				
D7	Selection	Live cell (%)	TOP8				
D7	Selection	Live cell (%)	TOP9				
D7	Selection	Live cell (%)	TOP10				
D7	Selection	Live cell (%)	TOP11				
D7	Selection	Live cell (%)	TOP12				
D7	Selection	Live cell (%)	TOP13				
D7	Selection	Live cell (%)	TOP14				
D7	Selection	Live cell (%)	TOP15				
D7	Selection	Live cell (%)	TOP16				
D7	Selection	Live cell (%)	TOP17				
D7	Selection	Live cell (%)	TOP18				
D7	Selection	Live cell (%)	TOP19				
D7	Selection	Live cell (%)	TOP20				
D7	Selection	Live cell (%)	TOP21				
D7	Selection	Live cell (%)	TOP22				
D7	Selection	Live cell (%)	TOP23				
D7	Selection	Live cell (%)	TOP24				
D7	Selection	Live cell (%)	TOP25				
D7	Selection	Live cell (%)	TOP26				
D7	Selection	Live cell (%)	TOP27				
D7	Selection	Live cell (%)	TOP28				
D7	Selection	Live cell (%)	TOP29				
D7	Selection	Live cell (%)	TOP30				
D7	Selection	Live cell (%)	TOP31				
D11	w/o Selection	Live cell (%)	Original				
D11	w/o Selection	Live cell (%)	TOP1				
D11	w/o Selection	Live cell (%)	TOP2				
D11	w/o Selection	Live cell (%)	TOP3				
D11	w/o Selection	Live cell (%)	TOP4				
D11	w/o Selection	Live cell (%)	TOP5				
D11	w/o Selection	Live cell (%)	TOP6				
D11	w/o Selection	Live cell (%)	TOP7				
D11	w/o Selection	Live cell (%)	TOP8				
D11	w/o Selection	Live cell (%)	TOP9				
D11	w/o Selection	Live cell (%)	TOP10				
D11	w/o Selection	Live cell (%)	TOP11				
D11	w/o Selection	Live cell (%)	TOP12				
D11	w/o Selection	Live cell (%)	TOP13				
D11	w/o Selection	Live cell (%)	TOP14				
D11	w/o Selection	Live cell (%)	TOP15				
D11	w/o Selection	Live cell (%)	TOP16				
D11	w/o Selection	Live cell (%)	TOP17				
D11	w/o Selection	Live cell (%)	TOP18				
D11	w/o Selection	Live cell (%)	TOP19				
D11	w/o Selection	Live cell (%)	TOP20				
D11	w/o Selection	Live cell (%)	TOP21				
D11	w/o Selection	Live cell (%)	TOP22				
D11	w/o Selection	Live cell (%)	TOP23				
D11	w/o Selection	Live cell (%)	TOP24				
D11	w/o Selection	Live cell (%)	TOP25				
D11	w/o Selection	Live cell (%)	TOP26				
D11	w/o Selection	Live cell (%)	TOP27				
D11	w/o Selection	Live cell (%)	TOP28				
D11	w/o Selection	Live cell (%)	TOP29				
D11	w/o Selection	Live cell (%)	TOP30				
D11	w/o Selection	Live cell (%)	TOP31				
D11	Selection	Live cell (%)	Original				
D11	Selection	Live cell (%)	TOP1				
D11	Selection	Live cell (%)	TOP2				
D11	Selection	Live cell (%)	TOP3				
D11	Selection	Live cell (%)	TOP4				
D11	Selection	Live cell (%)	TOP5				
D11	Selection	Live cell (%)	TOP6				
D11	Selection	Live cell (%)	TOP7				
D11	Selection	Live cell (%)	TOP8				
D11	Selection	Live cell (%)	TOP9				
D11	Selection	Live cell (%)	TOP10				
D11	Selection	Live cell (%)	TOP11				
D11	Selection	Live cell (%)	TOP12				
D11	Selection	Live cell (%)	TOP13				
D11	Selection	Live cell (%)	TOP14				
D11	Selection	Live cell (%)	TOP15				
D11	Selection	Live cell (%)	TOP16				
D11	Selection	Live cell (%)	TOP17				
D11	Selection	Live cell (%)	TOP18				
D11	Selection	Live cell (%)	TOP19				
D11	Selection	Live cell (%)	TOP20				
D11	Selection	Live cell (%)	TOP21				
D11	Selection	Live cell (%)	TOP22				
D11	Selection	Live cell (%)	TOP23				
D11	Selection	Live cell (%)	TOP24				
D11	Selection	Live cell (%)	TOP25				
D11	Selection	Live cell (%)	TOP26				
D11	Selection	Live cell (%)	TOP27				
D11	Selection	Live cell (%)	TOP28				
D11	Selection	Live cell (%)	TOP29				
D11	Selection	Live cell (%)	TOP30				
D11	Selection	Live cell (%)	TOP31				
D1	Pre-selection	GFP positive (%)	Original				
D1	Pre-selection	GFP positive (%)	TOP1				
D1	Pre-selection	GFP positive (%)	TOP2				
D1	Pre-selection	GFP positive (%)	TOP3				
D1	Pre-selection	GFP positive (%)	TOP4				
D1	Pre-selection	GFP positive (%)	TOP5				
D1	Pre-selection	GFP positive (%)	TOP6				
D1	Pre-selection	GFP positive (%)	TOP7				
D1	Pre-selection	GFP positive (%)	TOP8				
D1	Pre-selection	GFP positive (%)	TOP9				
D1	Pre-selection	GFP positive (%)	TOP10				
D1	Pre-selection	GFP positive (%)	TOP11				
D1	Pre-selection	GFP positive (%)	TOP12				
D1	Pre-selection	GFP positive (%)	TOP13				
D1	Pre-selection	GFP positive (%)	TOP14				
D1	Pre-selection	GFP positive (%)	TOP15				
D1	Pre-selection	GFP positive (%)	TOP16				
D1	Pre-selection	GFP positive (%)	TOP17				
D1	Pre-selection	GFP positive (%)	TOP18				
D1	Pre-selection	GFP positive (%)	TOP19				
D1	Pre-selection	GFP positive (%)	TOP20				
D1	Pre-selection	GFP positive (%)	TOP21				
D1	Pre-selection	GFP positive (%)	TOP22				
D1	Pre-selection	GFP positive (%)	TOP23				
D1	Pre-selection	GFP positive (%)	TOP24				
D1	Pre-selection	GFP positive (%)	TOP25				
D1	Pre-selection	GFP positive (%)	TOP26				
D1	Pre-selection	GFP positive (%)	TOP27				
D1	Pre-selection	GFP positive (%)	TOP28				
D1	Pre-selection	GFP positive (%)	TOP29				
D1	Pre-selection	GFP positive (%)	TOP30				
D1	Pre-selection	GFP positive (%)	TOP31				
D3	Pre-selection	GFP positive (%)	Original				
D3	Pre-selection	GFP positive (%)	TOP1				
D3	Pre-selection	GFP positive (%)	TOP2				
D3	Pre-selection	GFP positive (%)	TOP3				
D3	Pre-selection	GFP positive (%)	TOP4				
D3	Pre-selection	GFP positive (%)	TOP5				
D3	Pre-selection	GFP positive (%)	TOP6				
D3	Pre-selection	GFP positive (%)	TOP7				
D3	Pre-selection	GFP positive (%)	TOP8				
D3	Pre-selection	GFP positive (%)	TOP9				
D3	Pre-selection	GFP positive (%)	TOP10				
D3	Pre-selection	GFP positive (%)	TOP11				
D3	Pre-selection	GFP positive (%)	TOP12				
D3	Pre-selection	GFP positive (%)	TOP13				
D3	Pre-selection	GFP positive (%)	TOP14				
D3	Pre-selection	GFP positive (%)	TOP15				
D3	Pre-selection	GFP positive (%)	TOP16				
D3	Pre-selection	GFP positive (%)	TOP17				
D3	Pre-selection	GFP positive (%)	TOP18				
D3	Pre-selection	GFP positive (%)	TOP19				
D3	Pre-selection	GFP positive (%)	TOP20				
D3	Pre-selection	GFP positive (%)	TOP21				
D3	Pre-selection	GFP positive (%)	TOP22				
D3	Pre-selection	GFP positive (%)	TOP23				
D3	Pre-selection	GFP positive (%)	TOP24				
D3	Pre-selection	GFP positive (%)	TOP25				
D3	Pre-selection	GFP positive (%)	TOP26				
D3	Pre-selection	GFP positive (%)	TOP27				
D3	Pre-selection	GFP positive (%)	TOP28				
D3	Pre-selection	GFP positive (%)	TOP29				
D3	Pre-selection	GFP positive (%)	TOP30				
D3	Pre-selection	GFP positive (%)	TOP31				
D7	w/o Selection	GFP positive (%)	Original				
D7	w/o Selection	GFP positive (%)	TOP1				
D7	w/o Selection	GFP positive (%)	TOP2				
D7	w/o Selection	GFP positive (%)	TOP3				
D7	w/o Selection	GFP positive (%)	TOP4				
D7	w/o Selection	GFP positive (%)	TOP5				
D7	w/o Selection	GFP positive (%)	TOP6				
D7	w/o Selection	GFP positive (%)	TOP7				
D7	w/o Selection	GFP positive (%)	TOP8				
D7	w/o Selection	GFP positive (%)	TOP9				
D7	w/o Selection	GFP positive (%)	TOP10				
D7	w/o Selection	GFP positive (%)	TOP11				
D7	w/o Selection	GFP positive (%)	TOP12				
D7	w/o Selection	GFP positive (%)	TOP13				
D7	w/o Selection	GFP positive (%)	TOP14				
D7	w/o Selection	GFP positive (%)	TOP15				
D7	w/o Selection	GFP positive (%)	TOP16				
D7	w/o Selection	GFP positive (%)	TOP17				
D7	w/o Selection	GFP positive (%)	TOP18				
D7	w/o Selection	GFP positive (%)	TOP19				
D7	w/o Selection	GFP positive (%)	TOP20				
D7	w/o Selection	GFP positive (%)	TOP21				
D7	w/o Selection	GFP positive (%)	TOP22				
D7	w/o Selection	GFP positive (%)	TOP23				
D7	w/o Selection	GFP positive (%)	TOP24				
D7	w/o Selection	GFP positive (%)	TOP25				
D7	w/o Selection	GFP positive (%)	TOP26				
D7	w/o Selection	GFP positive (%)	TOP27				
D7	w/o Selection	GFP positive (%)	TOP28				
D7	w/o Selection	GFP positive (%)	TOP29				
D7	w/o Selection	GFP positive (%)	TOP30				
D7	w/o Selection	GFP positive (%)	TOP31				
D7	Selection	GFP positive (%)	Original				
D7	Selection	GFP positive (%)	TOP1				
D7	Selection	GFP positive (%)	TOP2				
D7	Selection	GFP positive (%)	TOP3				
D7	Selection	GFP positive (%)	TOP4				
D7	Selection	GFP positive (%)	TOP5				
D7	Selection	GFP positive (%)	TOP6				
D7	Selection	GFP positive (%)	TOP7				
D7	Selection	GFP positive (%)	TOP8				
D7	Selection	GFP positive (%)	TOP9				
D7	Selection	GFP positive (%)	TOP10				
D7	Selection	GFP positive (%)	TOP11				
D7	Selection	GFP positive (%)	TOP12				
D7	Selection	GFP positive (%)	TOP13				
D7	Selection	GFP positive (%)	TOP14				
D7	Selection	GFP positive (%)	TOP15				
D7	Selection	GFP positive (%)	TOP16				
D7	Selection	GFP positive (%)	TOP17				
D7	Selection	GFP positive (%)	TOP18				
D7	Selection	GFP positive (%)	TOP19				
D7	Selection	GFP positive (%)	TOP20				
D7	Selection	GFP positive (%)	TOP21				
D7	Selection	GFP positive (%)	TOP22				
D7	Selection	GFP positive (%)	TOP23				
D7	Selection	GFP positive (%)	TOP24				
D7	Selection	GFP positive (%)	TOP25				
D7	Selection	GFP positive (%)	TOP26				
D7	Selection	GFP positive (%)	TOP27				
D7	Selection	GFP positive (%)	TOP28				
D7	Selection	GFP positive (%)	TOP29				
D7	Selection	GFP positive (%)	TOP30				
D7	Selection	GFP positive (%)	TOP31				
D11	w/o Selection	GFP positive (%)	Original				
D11	w/o Selection	GFP positive (%)	TOP1				
D11	w/o Selection	GFP positive (%)	TOP2				
D11	w/o Selection	GFP positive (%)	TOP3				
D11	w/o Selection	GFP positive (%)	TOP4				
D11	w/o Selection	GFP positive (%)	TOP5				
D11	w/o Selection	GFP positive (%)	TOP6				
D11	w/o Selection	GFP positive (%)	TOP7				
D11	w/o Selection	GFP positive (%)	TOP8				
D11	w/o Selection	GFP positive (%)	TOP9				
D11	w/o Selection	GFP positive (%)	TOP10				
D11	w/o Selection	GFP positive (%)	TOP11				
D11	w/o Selection	GFP positive (%)	TOP12				
D11	w/o Selection	GFP positive (%)	TOP13				
D11	w/o Selection	GFP positive (%)	TOP14				
D11	w/o Selection	GFP positive (%)	TOP15				
D11	w/o Selection	GFP positive (%)	TOP16				
D11	w/o Selection	GFP positive (%)	TOP17				
D11	w/o Selection	GFP positive (%)	TOP18				
D11	w/o Selection	GFP positive (%)	TOP19				
D11	w/o Selection	GFP positive (%)	TOP20				
D11	w/o Selection	GFP positive (%)	TOP21				
D11	w/o Selection	GFP positive (%)	TOP22				
D11	w/o Selection	GFP positive (%)	TOP23				
D11	w/o Selection	GFP positive (%)	TOP24				
D11	w/o Selection	GFP positive (%)	TOP25				
D11	w/o Selection	GFP positive (%)	TOP26				
D11	w/o Selection	GFP positive (%)	TOP27				
D11	w/o Selection	GFP positive (%)	TOP28				
D11	w/o Selection	GFP positive (%)	TOP29				
D11	w/o Selection	GFP positive (%)	TOP30				
D11	w/o Selection	GFP positive (%)	TOP31				
D11	Selection	GFP positive (%)	Original				
D11	Selection	GFP positive (%)	TOP1				
D11	Selection	GFP positive (%)	TOP2				
D11	Selection	GFP positive (%)	TOP3				
D11	Selection	GFP positive (%)	TOP4				
D11	Selection	GFP positive (%)	TOP5				
D11	Selection	GFP positive (%)	TOP6				
D11	Selection	GFP positive (%)	TOP7				
D11	Selection	GFP positive (%)	TOP8				
D11	Selection	GFP positive (%)	TOP9				
D11	Selection	GFP positive (%)	TOP10				
D11	Selection	GFP positive (%)	TOP11				
D11	Selection	GFP positive (%)	TOP12				
D11	Selection	GFP positive (%)	TOP13				
D11	Selection	GFP positive (%)	TOP14				
D11	Selection	GFP positive (%)	TOP15				
D11	Selection	GFP positive (%)	TOP16				
D11	Selection	GFP positive (%)	TOP17				
D11	Selection	GFP positive (%)	TOP18				
D11	Selection	GFP positive (%)	TOP19				
D11	Selection	GFP positive (%)	TOP20				
D11	Selection	GFP positive (%)	TOP21				
D11	Selection	GFP positive (%)	TOP22				
D11	Selection	GFP positive (%)	TOP23				
D11	Selection	GFP positive (%)	TOP24				
D11	Selection	GFP positive (%)	TOP25				
D11	Selection	GFP positive (%)	TOP26				
D11	Selection	GFP positive (%)	TOP27				
D11	Selection	GFP positive (%)	TOP28				
D11	Selection	GFP positive (%)	TOP29				
D11	Selection	GFP positive (%)	TOP30				
D11	Selection	GFP positive (%)	TOP31				
D1	Pre-selection	GFP GeoMean MFI	Original				
D1	Pre-selection	GFP GeoMean MFI	TOP1				
D1	Pre-selection	GFP GeoMean MFI	TOP2				
D1	Pre-selection	GFP GeoMean MFI	TOP3				
D1	Pre-selection	GFP GeoMean MFI	TOP4				
D1	Pre-selection	GFP GeoMean MFI	TOP5				
D1	Pre-selection	GFP GeoMean MFI	TOP6				
D1	Pre-selection	GFP GeoMean MFI	TOP7				
D1	Pre-selection	GFP GeoMean MFI	TOP8				
D1	Pre-selection	GFP GeoMean MFI	TOP9				
D1	Pre-selection	GFP GeoMean MFI	TOP10				
D1	Pre-selection	GFP GeoMean MFI	TOP11				
D1	Pre-selection	GFP GeoMean MFI	TOP12				
D1	Pre-selection	GFP GeoMean MFI	TOP13				
D1	Pre-selection	GFP GeoMean MFI	TOP14				
D1	Pre-selection	GFP GeoMean MFI	TOP15				
D1	Pre-selection	GFP GeoMean MFI	TOP16				
D1	Pre-selection	GFP GeoMean MFI	TOP17				
D1	Pre-selection	GFP GeoMean MFI	TOP18				
D1	Pre-selection	GFP GeoMean MFI	TOP19				
D1	Pre-selection	GFP GeoMean MFI	TOP20				
D1	Pre-selection	GFP GeoMean MFI	TOP21				
D1	Pre-selection	GFP GeoMean MFI	TOP22				
D1	Pre-selection	GFP GeoMean MFI	TOP23				
D1	Pre-selection	GFP GeoMean MFI	TOP24				
D1	Pre-selection	GFP GeoMean MFI	TOP25				
D1	Pre-selection	GFP GeoMean MFI	TOP26				
D1	Pre-selection	GFP GeoMean MFI	TOP27				
D1	Pre-selection	GFP GeoMean MFI	TOP28				
D1	Pre-selection	GFP GeoMean MFI	TOP29				
D1	Pre-selection	GFP GeoMean MFI	TOP30				
D1	Pre-selection	GFP GeoMean MFI	TOP31				
D3	Pre-selection	GFP GeoMean MFI	Original				
D3	Pre-selection	GFP GeoMean MFI	TOP1				
D3	Pre-selection	GFP GeoMean MFI	TOP2				
D3	Pre-selection	GFP GeoMean MFI	TOP3				
D3	Pre-selection	GFP GeoMean MFI	TOP4				
D3	Pre-selection	GFP GeoMean MFI	TOP5				
D3	Pre-selection	GFP GeoMean MFI	TOP6				
D3	Pre-selection	GFP GeoMean MFI	TOP7				
D3	Pre-selection	GFP GeoMean MFI	TOP8				
D3	Pre-selection	GFP GeoMean MFI	TOP9				
D3	Pre-selection	GFP GeoMean MFI	TOP10				
D3	Pre-selection	GFP GeoMean MFI	TOP11				
D3	Pre-selection	GFP GeoMean MFI	TOP12				
D3	Pre-selection	GFP GeoMean MFI	TOP13				
D3	Pre-selection	GFP GeoMean MFI	TOP14				
D3	Pre-selection	GFP GeoMean MFI	TOP15				
D3	Pre-selection	GFP GeoMean MFI	TOP16				
D3	Pre-selection	GFP GeoMean MFI	TOP17				
D3	Pre-selection	GFP GeoMean MFI	TOP18				
D3	Pre-selection	GFP GeoMean MFI	TOP19				
D3	Pre-selection	GFP GeoMean MFI	TOP20				
D3	Pre-selection	GFP GeoMean MFI	TOP21				
D3	Pre-selection	GFP GeoMean MFI	TOP22				
D3	Pre-selection	GFP GeoMean MFI	TOP23				
D3	Pre-selection	GFP GeoMean MFI	TOP24				
D3	Pre-selection	GFP GeoMean MFI	TOP25				
D3	Pre-selection	GFP GeoMean MFI	TOP26				
D3	Pre-selection	GFP GeoMean MFI	TOP27				
D3	Pre-selection	GFP GeoMean MFI	TOP28				
D3	Pre-selection	GFP GeoMean MFI	TOP29				
D3	Pre-selection	GFP GeoMean MFI	TOP30				
D3	Pre-selection	GFP GeoMean MFI	TOP31				
D7	w/o Selection	GFP GeoMean MFI	Original				
D7	w/o Selection	GFP GeoMean MFI	TOP1				
D7	w/o Selection	GFP GeoMean MFI	TOP2				
D7	w/o Selection	GFP GeoMean MFI	TOP3				
D7	w/o Selection	GFP GeoMean MFI	TOP4				
D7	w/o Selection	GFP GeoMean MFI	TOP5				
D7	w/o Selection	GFP GeoMean MFI	TOP6				
D7	w/o Selection	GFP GeoMean MFI	TOP7				
D7	w/o Selection	GFP GeoMean MFI	TOP8				
D7	w/o Selection	GFP GeoMean MFI	TOP9				
D7	w/o Selection	GFP GeoMean MFI	TOP10				
D7	w/o Selection	GFP GeoMean MFI	TOP11				
D7	w/o Selection	GFP GeoMean MFI	TOP12				
D7	w/o Selection	GFP GeoMean MFI	TOP13				
D7	w/o Selection	GFP GeoMean MFI	TOP14				
D7	w/o Selection	GFP GeoMean MFI	TOP15				
D7	w/o Selection	GFP GeoMean MFI	TOP16				
D7	w/o Selection	GFP GeoMean MFI	TOP17				
D7	w/o Selection	GFP GeoMean MFI	TOP18				
D7	w/o Selection	GFP GeoMean MFI	TOP19				
D7	w/o Selection	GFP GeoMean MFI	TOP20				
D7	w/o Selection	GFP GeoMean MFI	TOP21				
D7	w/o Selection	GFP GeoMean MFI	TOP22				
D7	w/o Selection	GFP GeoMean MFI	TOP23				
D7	w/o Selection	GFP GeoMean MFI	TOP24				
D7	w/o Selection	GFP GeoMean MFI	TOP25				
D7	w/o Selection	GFP GeoMean MFI	TOP26				
D7	w/o Selection	GFP GeoMean MFI	TOP27				
D7	w/o Selection	GFP GeoMean MFI	TOP28				
D7	w/o Selection	GFP GeoMean MFI	TOP29				
D7	w/o Selection	GFP GeoMean MFI	TOP30				
D7	w/o Selection	GFP GeoMean MFI	TOP31				
D7	Selection	GFP GeoMean MFI	Original				
D7	Selection	GFP GeoMean MFI	TOP1				
D7	Selection	GFP GeoMean MFI	TOP2				
D7	Selection	GFP GeoMean MFI	TOP3				
D7	Selection	GFP GeoMean MFI	TOP4				
D7	Selection	GFP GeoMean MFI	TOP5				
D7	Selection	GFP GeoMean MFI	TOP6				
D7	Selection	GFP GeoMean MFI	TOP7				
D7	Selection	GFP GeoMean MFI	TOP8				
D7	Selection	GFP GeoMean MFI	TOP9				
D7	Selection	GFP GeoMean MFI	TOP10				
D7	Selection	GFP GeoMean MFI	TOP11				
D7	Selection	GFP GeoMean MFI	TOP12				
D7	Selection	GFP GeoMean MFI	TOP13				
D7	Selection	GFP GeoMean MFI	TOP14				
D7	Selection	GFP GeoMean MFI	TOP15				
D7	Selection	GFP GeoMean MFI	TOP16				
D7	Selection	GFP GeoMean MFI	TOP17				
D7	Selection	GFP GeoMean MFI	TOP18				
D7	Selection	GFP GeoMean MFI	TOP19				
D7	Selection	GFP GeoMean MFI	TOP20				
D7	Selection	GFP GeoMean MFI	TOP21				
D7	Selection	GFP GeoMean MFI	TOP22				
D7	Selection	GFP GeoMean MFI	TOP23				
D7	Selection	GFP GeoMean MFI	TOP24				
D7	Selection	GFP GeoMean MFI	TOP25				
D7	Selection	GFP GeoMean MFI	TOP26				
D7	Selection	GFP GeoMean MFI	TOP27				
D7	Selection	GFP GeoMean MFI	TOP28				
D7	Selection	GFP GeoMean MFI	TOP29				
D7	Selection	GFP GeoMean MFI	TOP30				
D7	Selection	GFP GeoMean MFI	TOP31				
D11	w/o Selection	GFP GeoMean MFI	Original				
D11	w/o Selection	GFP GeoMean MFI	TOP1				
D11	w/o Selection	GFP GeoMean MFI	TOP2				
D11	w/o Selection	GFP GeoMean MFI	TOP3				
D11	w/o Selection	GFP GeoMean MFI	TOP4				
D11	w/o Selection	GFP GeoMean MFI	TOP5				
D11	w/o Selection	GFP GeoMean MFI	TOP6				
D11	w/o Selection	GFP GeoMean MFI	TOP7				
D11	w/o Selection	GFP GeoMean MFI	TOP8				
D11	w/o Selection	GFP GeoMean MFI	TOP9				
D11	w/o Selection	GFP GeoMean MFI	TOP10				
D11	w/o Selection	GFP GeoMean MFI	TOP11				
D11	w/o Selection	GFP GeoMean MFI	TOP12				
D11	w/o Selection	GFP GeoMean MFI	TOP13				
D11	w/o Selection	GFP GeoMean MFI	TOP14				
D11	w/o Selection	GFP GeoMean MFI	TOP15				
D11	w/o Selection	GFP GeoMean MFI	TOP16				
D11	w/o Selection	GFP GeoMean MFI	TOP17				
D11	w/o Selection	GFP GeoMean MFI	TOP18				
D11	w/o Selection	GFP GeoMean MFI	TOP19				
D11	w/o Selection	GFP GeoMean MFI	TOP20				
D11	w/o Selection	GFP GeoMean MFI	TOP21				
D11	w/o Selection	GFP GeoMean MFI	TOP22				
D11	w/o Selection	GFP GeoMean MFI	TOP23				
D11	w/o Selection	GFP GeoMean MFI	TOP24				
D11	w/o Selection	GFP GeoMean MFI	TOP25				
D11	w/o Selection	GFP GeoMean MFI	TOP26				
D11	w/o Selection	GFP GeoMean MFI	TOP27				
D11	w/o Selection	GFP GeoMean MFI	TOP28				
D11	w/o Selection	GFP GeoMean MFI	TOP29				
D11	w/o Selection	GFP GeoMean MFI	TOP30				
D11	w/o Selection	GFP GeoMean MFI	TOP31				
D11	Selection	GFP GeoMean MFI	Original				
D11	Selection	GFP GeoMean MFI	TOP1				
D11	Selection	GFP GeoMean MFI	TOP2				
D11	Selection	GFP GeoMean MFI	TOP3				
D11	Selection	GFP GeoMean MFI	TOP4				
D11	Selection	GFP GeoMean MFI	TOP5				
D11	Selection	GFP GeoMean MFI	TOP6				
D11	Selection	GFP GeoMean MFI	TOP7				
D11	Selection	GFP GeoMean MFI	TOP8				
D11	Selection	GFP GeoMean MFI	TOP9				
D11	Selection	GFP GeoMean MFI	TOP10				
D11	Selection	GFP GeoMean MFI	TOP11				
D11	Selection	GFP GeoMean MFI	TOP12				
D11	Selection	GFP GeoMean MFI	TOP13				
D11	Selection	GFP GeoMean MFI	TOP14				
D11	Selection	GFP GeoMean MFI	TOP15				
D11	Selection	GFP GeoMean MFI	TOP16				
D11	Selection	GFP GeoMean MFI	TOP17				
D11	Selection	GFP GeoMean MFI	TOP18				
D11	Selection	GFP GeoMean MFI	TOP19				
D11	Selection	GFP GeoMean MFI	TOP20				
D11	Selection	GFP GeoMean MFI	TOP21				
D11	Selection	GFP GeoMean MFI	TOP22				
D11	Selection	GFP GeoMean MFI	TOP23				
D11	Selection	GFP GeoMean MFI	TOP24				
D11	Selection	GFP GeoMean MFI	TOP25				
D11	Selection	GFP GeoMean MFI	TOP26				
D11	Selection	GFP GeoMean MFI	TOP27				
D11	Selection	GFP GeoMean MFI	TOP28				
D11	Selection	GFP GeoMean MFI	TOP29				
D11	Selection	GFP GeoMean MFI	TOP30				
D11	Selection	GFP GeoMean MFI	TOP31				
